UID001|Michael Lee|John@@123456|john@gmail.com|98051714035|123456789|25, Jalan Merak, Bandar Merak, 47170, Selangor
UID002|Adam|Micsmith@009#9|michelle08@yahoo.com|991231140968|192345876|48,Jalan Kepong, Kepong, 52100, Kuala Lumpur
UID003|Richard Kord|Richie@@1009456|rich06@gmail.com|89070914056|123409859|25, Jalan Helang, Puchong, 47170, Selangor
UID004|Jennie|Jenr@#6789|jennie8808@yahoo.com|901231140788|134568905|48,Jalan Tokong, Kepong, 52100, Kuala Lumpur
UID005|Ren|Renning@@123456|ren@gmail.com|96051714033|123456789|25, Jalan Merak, Bandar Merak, 47170, Selangor
UID006|Cecil|fyeu837|cecil123@gmail.com|237728117326|24358202|25, Jalan Merak, Bandar Merak, 47170, Selangor
UID006|Cecil|fyeu837|cecil123@gmail.com|237728117326|24358202|25, Jalan Merak, Bandar Merak, 47170, Selangor
